ID,First name,Last name,Email,Password,City,Month,Day,Year,Phone number,Question,Answer,Prefrence
205685555,roei,zaburoff,roizaborof@gmail.com,Rr!123456,ashdod,8,23,1994,543247566,2,mika,software
337744155,gad,nadjar,gadnadjar@gmail.com,Civ7vt37!,ashdod,11,4,9999,586305529,2,angie, waiter
336410055,solal,ohana,solalohana@gmail.com,Ss!123456,raanana,12,24,1994,543545834,2,foodgie,computer
206376212,shai,matzliah,shai123@gmail.com,Mm!123456,ashdod,11,23,1997,543364566,1,meir,software
32099087,ema,matzliah,emamatzliah@gmail.com,Tt!123456,ashdod,10,23,1994,542354566,2,ilya,hig volt
22703953,aba,matzliah,aba@gmail.com,Aa!123456,ashdod,8,15,1970,548963255,1,eliyhau,banking
211497144,shir,matzliah,shir@gmail.com,Shir!123456,ashdod,4,11,1990,523651455,2,ros,labourer
234702215,noa,bar,noa@gmail.com,Nn!123456,ashdod,12,11,1950,543256455,2,yossi,taxi driver
222471823,gigi,sason,gigis@gmail.com,Gigi!1234,tel aviv,6,23,1990,523541566,1,shmuel,truck driver
336855465,itay,malka,itaym@gmail.com,Itay!1234,ashkelon,2,4,1994,542451555,2,toffie,data sience
230002016,itzhak,atzohek,itzhak@gmail.com,Itz!1234,hod hasharon,1,16,1980,534589756,2,toy,electrician
327074696,tom,hanks,tommy@gmail.com,Tom!12345,jerusalem,8,1,1995,523544652,2,demi,doctor
229211842,timoty,azrzar,timo@gmail.com,Ti!223344,haifa,2,11,1994,547895214,3,mekif tet,taxi driver
228177838,hila,kapara,hila@gmail.com,Hila!123,beer sheva,7,23,1990,536458955,1,david,flight agency
226861441,shaool,shmueli,shaool@hotmail.coom,Shaool!234,natzeret,3,12,1994,543214566,2,bonnie,security cyber
227641123,naser,abuzibi,nasser@walla.com,Ham@223344,gaza,2,18,1996,534566893,1,simi,chef
331173815,yossi,amar,yossef@gmail.com,Yos3214!,shtulim,2,15,1989,547836522,3,mekif het,construction engineer
224333203,gargamel,masho,gragameel@gmail.com,Grgamel!1234,petah tikva,3,25,1994,561345644,1,shoshi,multimedia fixer
